
{

  "project_info": {
    "project_number": "82937137911",
    "project_id": "projeto-fce6e",
    "storage_bucket": "projeto-fce6e.firebasestorage.app"
  },
  "client": [
    {
      "client_info": {
        "mobilesdk_app_id": "1:82937137911:android:7f6d03b992bd6f032661f2",
        "android_client_info": {
          "package_name": "com.example.listadecompras"
        }
      },
      "oauth_client": [],
      "api_key": [
        {
          "current_key": "AIzaSyCujhZuO0rjptM5jO3RHy1oy58Wf9M8I4k"
        }
      ],
      "services": {
        "appinvite_service": {
          "other_platform_oauth_client": []
        }
      }
    }
  ],
  "configuration_version": "1"
}

